1.02991521935699,0.0778032309298499,1.1036140627586954,-0.6107188539321785,0.1728175167141715,-0.4837663694582222,0.017391452288136412,0.00022300329808687676,0.012232415902140673,2.184139208378563,1.270719960647015,2.204286841021301,4.9958423322445915,37.124182893974776,2.752494121417433,0.9754329869885963,0.0006588245934581522,0.9860881677510211,0.9454294698822316,0.01111695076291552,0.9806012274587883,0.677570487654894,0.3424756829565819,0.5910165484633544,0.0,0.0,0.0,-14.887679425798765,64.82952762739781,-16.392896717557214,0.736411764705882,15.339533072755414,0.13900000000001,0.0,0.0,0.0,0.0,0.0,0.0,16
1.040777442529024,0.061344497979780206,1.1036140627586954,-0.5858034818407899,0.1568023090229712,-0.4696239558055104,0.022502350765404067,0.0003763197776821381,0.016294511485478867,2.1452377546123444,1.1648847296239035,2.240402131386597,4.409081818156104,25.943115890728823,2.798888548279524,0.9701755107976039,0.001249949989864763,0.9843698073795044,0.9566439725601998,0.007409920788113252,0.9805342366578917,0.5698726633339006,0.40586440959340264,0.36085853804310886,0.5490200000000002,0.5843917339500004,0.0,-19.253664951468785,133.61208076471303,-18.529139999996556,0.494990801576873,14.3783877591258,0.13900000000001,0.0,0.0,0.0,0.0,0.0,0.0,16
1.0561718733447834,0.0543605648992359,1.1036140627586954,-0.6259142173249707,0.14410293833289964,-0.497908783110934,0.022315146447774447,0.0005157323783408203,0.016294511485478867,2.1766315451339073,1.1520888448771252,2.204286841021301,4.193116919703862,21.386976149078464,2.8435498034352014,0.9692679936723425,0.0014820374936038822,0.9833339280141222,0.9611382779395188,0.006098218186659375,0.9812697725943917,0.6648492087994013,0.486698468695505,0.40336815254295166,0.46345727272727283,0.36349681172181836,0.0,-18.226748600857963,133.37385700340437,-17.826104460432152,0.4830405862457726,13.613414002865568,0.13900000000001,0.0,0.0,0.0,0.0,0.0,0.0,16
0.9910848472541147,0.02180398702189989,1.0608434521477998,-0.6301748267700071,0.3636976115185919,-0.6301748267700071,0.04625892748763122,0.002357824104913605,0.026060219305816368,2.511035835024872,1.5233911168191505,2.2749905743398973,2.9915148029619716,8.348075035103417,2.223271593429849,0.9740777780251967,0.000803610557290442,0.9818674324729002,0.9753923900130137,0.0007523169616473784,0.9820350706387125,0.6714818819370366,0.8181284443798669,0.2036245163917735,0.4901962499999999,1.2193147965124995,0.0,-14.101729543156155,76.26441072557915,-12.885297142858779,0.3522307039864291,9.117048877120977,0.13900000000001,0.028356547088833072,0.01608187525602415,0.0,6.58585858585859,0.0,6.58585858585859,16
1.0622436765928494,0.03479030731936994,1.0758934264123876,-0.9930926604783822,0.35517281277576374,-1.058416346796333,0.047150903795222035,0.0021812271868358766,0.02752286327609659,2.5818742276941125,1.6957738272241292,2.2240284368240957,3.086884054174032,6.400982808522893,2.333635324661515,0.9783602998995387,0.0005924324251494094,0.9853109903650399,0.9773916192462789,0.0005976915918101093,0.9820577687023753,0.6510581151282707,0.856358688865835,0.1771149015550431,0.39215600000000006,0.6799010016463156,0.0,-16.031917373483683,112.29412252195016,-14.697342971571793,0.3183309982486863,7.7829409914275605,0.13900000000001,0.023630455907360893,0.013401562713353457,0.0,6.58585858585859,0.0,6.58585858585859,16
0.8120601512125928,0.12628764744219265,0.8571624494274173,-0.9246497257858635,0.2061447920805089,-1.0566121677232778,0.039354480896449315,0.0017587502043131715,0.023076923076923078,2.3233846332058077,1.8014544948238813,2.090762796118544,2.686027857570119,5.34173173308927,2.0256758629257674,0.9711625792541587,0.0015905446046151058,0.9818674324729002,0.9772007323861496,0.0004937068088183004,0.9820577687023753,0.6283878929139655,0.7506412369017603,0.22316447221602348,0.3921565625,0.6052288772490926,0.0,-15.476904841157612,100.96658656440145,-14.453897142858779,0.33956380708493367,7.958061407434175,0.13900000000001,0.017185786114444285,0.009746591064257057,0.0,6.58585858585859,0.0,6.58585858585859,16
1.011413098778668,0.04826835378641438,1.0265254167693199,-0.5808872445415993,0.09404974436086996,-0.49149568199055593,0.05403501529441469,0.005284304148208604,0.029012983354072264,2.056312980266077,2.8034631211612937,1.4799141200867412,2.947327997485375,5.825080622420184,2.712096514038614,0.9751017942544558,0.0015143092278237802,0.987801168556574,0.961865719130608,0.001278273119761973,0.9665331080437385,0.5127817013175757,0.6470630917398509,0.1388923377451101,0.3451613422404991,0.6673167110830305,0.0,-16.26247656519457,161.54759906167627,-14.453897142857073,0.4400976602238046,16.431417120799,0.13900000000001,0.13320968671932784,0.0778064110484978,0.0,3.7122989719378934,6.074320583990519,2.8559379217273957,16
0.9746926371670654,0.054746503671820886,1.0265254167693199,-0.6829491936228215,0.3156004074990082,-0.484496124031008,0.045407994550100333,0.0046660371416370715,0.02276881133538705,2.0206231146773024,2.4150101850506056,1.560013253141848,2.867977105706134,4.639675005244606,2.3530987609367804,0.9761991731701463,0.0012538921443059408,0.9863528406795161,0.9667003687345337,0.0010513377023858201,0.9733115074042195,0.5784450656903461,0.7147901969762043,0.20618556701030832,0.3583004588761478,0.6525719740884859,0.0,-15.917773040916417,157.33534266671398,-14.18270978417317,0.5245609990393852,23.03756934651593,0.13900000000001,0.11417973147370956,0.06817617031169966,0.0,3.7122989719378934,6.074320583990519,2.8559379217273957,16
1.3731277679506553,0.1916787189473422,1.360510796686338,-0.9143984231414208,0.18101386406368636,-0.9409261986581584,0.05257301782610574,0.005862240864559685,0.023138543699291362,1.180971917161611,0.7391471540216992,0.955192421861265,1.0878253900564043,0.4657334206749637,0.9331982318279417,0.9675162743499018,0.0013815788768356404,0.9734568666157358,0.9705809793639647,0.0007163530832466451,0.9782319743339603,0.5961504819219359,0.7242872464412129,0.21247823480718153,0.5111964285714552,2.5554250607758364,0.0,-41.716221665433,624.9730341405893,-41.75407078261391,1.2264187725631766,52.89419765008103,0.20600000000000307,0.0,0.0,0.0,0.0,0.0,0.0,17
1.4860715241958813,0.30351727934951367,1.4162701110355733,-1.0830380784491846,0.22472671494017052,-0.9689922480620214,0.04540608745117527,0.0047199014555498586,0.02142857142857143,1.1411699411673766,0.7349906604199944,0.8841639765125503,1.113524179441794,0.5923023016663639,0.8672121703446662,0.9626944730605711,0.0012602496891149096,0.9707416301646005,0.9709448148616431,0.0005397473112918617,0.9748831449694061,0.8457686333011143,0.9997758706463132,0.41999160016800163,0.8792531408887768,3.9132945906681544,0.0,-43.510053953173134,654.999123434369,-44.76390109289821,1.466286842105263,67.56484237396883,0.20749999999999602,0.0,0.0,0.0,0.0,0.0,0.0,17
1.529316568073833,0.31320493517964176,1.43588820165062,-1.0370170841066588,0.24363184466855586,-0.9661410728890747,0.04540608745117527,0.0047199014555498586,0.02142857142857143,1.1255209686293859,0.7286730293894863,0.8486530341761607,1.1353041605144163,0.6001874266179713,0.8709261046845825,0.9624676528048615,0.0012332052436595173,0.9705191714575103,0.970898316639271,0.0005275776207550887,0.9745104406794513,0.8457686333011143,0.9997758706463132,0.41999160016800163,0.8792531408887768,3.9132945906681544,0.0,-43.510053953173134,654.999123434369,-44.76390109289821,1.466286842105263,67.56484237396883,0.20749999999999602,0.0,0.0,0.0,0.0,0.0,0.0,17
1.2331833146225388,0.34741245563927875,1.2998492174907708,-1.1067098094402186,0.29867605279221815,-0.8957151448950329,0.05175150276713998,0.01141898864327062,0.014847512038523273,1.33169442101855,0.41670412395373885,1.14740518670639,1.2767750852810826,1.5191070863145033,0.9378679168488974,0.9569627208971715,0.0022860926844608504,0.9777656499670169,0.9589780371477623,0.0014596421747789762,0.972342022171577,1.0042408211906382,1.5687065709636852,0.10945709281961476,0.6013066666666667,5.423545610666668,0.0,-54.94518312056482,877.8880306549694,-55.88675810347067,0.4737006472491903,6.8034683267742935,0.19300000000001205,0.022711709655329936,0.010316435109360143,0.0,3.33333333333334,0.0,3.33333333333334,17
1.3414736222935912,0.3089435235308616,1.3372559507889896,-0.9304546470001875,0.3200242717616667,-0.7698925556491905,0.051655363165875226,0.010054228020844751,0.014847512038523273,1.2625263797745399,0.4381122110365768,1.1133805223317592,1.4356499988561775,1.586793683344709,0.9516490729125271,0.9637668039037312,0.0017441685795616872,0.9779676952246151,0.9643977039527624,0.001014644321911152,0.9742291449353481,0.969740112521696,1.4085688774258236,0.24003840614498664,0.6253324324324323,6.531341245585584,0.0,-56.18276093765011,930.6406551666947,-58.198241062804186,0.49591257367387004,7.266939605918444,0.19299999999998363,0.11323207181046968,0.09009173472162535,0.0,7.77784999350058,18.460585481749074,7.22236665366785,17
1.1832893795195758,0.3793327656174578,1.2998492174907708,-0.9433495764738351,0.25544869921679475,-0.8225770833679049,0.056255264554065286,0.010639212073165105,0.01934385639121015,2.0442784835075445,10.791212901768386,1.2807865903221014,1.627454744900862,1.8510911392275615,1.1343996474131894,0.9630854316786067,0.0018565958145411068,0.9787063246657521,0.9665330829939924,0.0008668926013117629,0.9744725351163401,0.8929937565404193,1.3263524794873225,0.1354829968838916,0.5258477272727272,5.5216300537156435,0.0,-55.15088025759035,884.683755497198,-56.793649450554,0.5774937759336096,15.050499094022712,0.1939999999999884,0.15782223344406413,0.12285715373703923,0.0,12.48489387383707,141.28212084679143,8.66242038216556,17
1.3429325695437586,0.46867437011607094,1.3372559507889896,-0.8691315130283884,0.23906260383906855,-0.7698925556491905,0.0675429152381641,0.015042979916400195,0.023696682464454975,1.836847601614958,8.189916218252419,1.1399450733731373,1.6454938280274511,1.7182826141860366,1.2424497671956243,0.9638846914721753,0.0014820785679518051,0.9777656499670169,0.9673467285030146,0.0007826625428252306,0.9750006033285804,0.8720873001980985,1.2596704549413564,0.2192982456140377,0.392157627118644,4.146953797656341,0.0,-56.08572723212454,877.183300642021,-58.741862841532935,0.5770063897763573,12.432259170035888,0.19400000000007367,0.11755115335567375,0.09297736771333616,0.0,11.54928213960743,128.10191526364662,7.22236665366785,17
1.4346331156758247,0.5503483577446269,1.4818627911387336,-0.9096047766632643,0.240435826086169,-0.8118064653386631,0.08071124838215839,0.020853205074568747,0.023803840441332484,1.7723883864135739,6.875759089412278,1.080776150283588,1.6011208128481567,1.631131494132475,1.1974322145436225,0.9631589950748056,0.0014710095547052307,0.9780593225759419,0.9689734872279646,0.0007438614914076423,0.9767547335366735,0.8118689494131097,1.1755186079236966,0.2192982456140377,0.37215948435800333,3.5446213938741096,0.0,-54.03111204276788,886.2253258164924,-56.140291011237,0.5751149425287352,10.827242940781616,0.19499999999999318,0.10899690883483625,0.08432986709400737,0.0,11.53827484078622,112.09026630133684,8.66242038216556,17
1.5447541664363238,0.5644252264303946,1.720489699142274,-0.8958036588048617,0.267262424405752,-0.8118064653386631,0.073996876396246,0.019742178819663694,0.021254582999705,1.594401175330303,5.687218984108989,0.963686368233804,1.486543470483177,1.4155840358279885,1.0334914496863608,0.9647191633745441,0.0012497460798361988,0.9779676952246151,0.9667064797872429,0.0008451864162530649,0.9755709581092341,0.9266234619328078,1.2297340462313662,0.30115847588017164,0.33713270935960304,3.218987654959955,0.0,-54.990192141520076,960.8653618795107,-56.78249171273539,0.6278362260792163,12.548242439773471,0.1950000000001637,0.08628921949424535,0.06850072436794456,0.0,11.53827484078622,112.09026630133684,8.66242038216556,17
1.4013944605637827,0.5365193220607481,1.3674399949611673,-0.8477170819957824,0.3064046615101216,-0.7698925556491905,0.07750713177431932,0.022574202583675766,0.021798526966025182,1.4745386532878013,4.962357688824665,0.9317902439899421,1.4519720746196931,1.4036867417480614,0.9516490729125271,0.9617757037481999,0.001264600501943129,0.9723941872593007,0.964647849507624,0.0012228822814469619,0.9747159252973321,0.9166735308695771,1.2175920924973718,0.30115847588017164,0.4914080442842089,6.215456485438433,0.0,-54.3294510330457,924.176361312125,-56.47455340313006,0.6331653574234092,13.571505875593155,0.19599999999998374,0.07576614394616665,0.06085098079476664,0.0,11.53827484078622,112.09026630133684,8.66242038216556,17
1.4028512852147341,0.5002283519924373,1.3674399949611673,-0.8693969493419937,0.2886966419761851,-0.8225770833679049,0.06992165817078577,0.01911008479742855,0.02052970288372418,1.4486053455935215,4.635450709009776,0.8533617606733915,1.3621571408708508,1.3018935065333277,0.8896808805001913,0.9587616103139539,0.0014598376101460182,0.9692630358319783,0.9639223703824215,0.0012181288002980305,0.9746039764298537,0.96048156266984,1.2633359900081202,0.3273749802681556,0.43730807610613087,5.548727621104051,0.0,-54.20845565324671,915.3442015458011,-56.6173593023306,0.6493571937321937,14.182594662890883,0.19600000000002638,0.0782016023801156,0.062098020879358264,0.0,11.34760365761295,99.21955557902827,8.66242038216556,17
1.4028512852147341,0.5002283519924373,1.3674399949611673,-0.8799748828849262,0.2806140272841458,-0.8333477013971469,0.06992165817078577,0.01911008479742855,0.02052970288372418,1.4468448486033538,4.600745871687712,0.89625355269315,1.3632139275229738,1.286202813536287,0.8896808805001913,0.9588271879433279,0.0014493501908996633,0.9692614869257982,0.9642287189940306,0.0012018575498884364,0.9746039764298537,0.96048156266984,1.2633359900081202,0.3273749802681556,0.43730807610613087,5.548727621104051,0.0,-54.20845565324671,915.3442015458011,-56.6173593023306,0.6493571937321937,14.182594662890883,0.19600000000002638,0.0782016023801156,0.062098020879358264,0.0,11.34760365761295,99.21955557902827,8.66242038216556,17
1.4273920310064931,0.3577881238973187,1.3701637814848995,-0.9200926205799952,0.4346675761340394,-0.5961344054551978,0.029255055657923707,0.0025693483834508613,0.01348159229932629,0.9877189587159746,0.8902030438898758,0.7324583117735836,1.2983483432190026,1.6640097677868528,0.9860185892979019,0.9493854065587504,0.0024616252295442537,0.9652148973493319,0.9659725419859605,0.0005386297381456085,0.9686705062171732,1.21910913339195,1.5594929793876906,0.4479855875262878,0.0,0.0,0.0,-47.20599521081947,712.7038797566512,-47.34879867210628,0.9196545961002792,24.63866632729027,0.19700000000000273,0.06115981052106707,0.05464365092145982,0.0,13.73511904761907,72.6442920918371,13.73511904761907,17
1.2681826666628575,0.24157372657852225,1.2668042821776564,-0.7969400242530784,0.23840695355212752,-0.5751092707614398,0.0353623624522163,0.002185263487214206,0.017241379310344827,1.0110928556020866,0.5131449891242473,0.786645340159428,1.6106974725626984,1.0402441787067507,1.377048059926612,0.9715525875314396,0.0005714691874379889,0.9772617588392245,0.9749143443242758,0.0002414668487879454,0.9758443822221925,1.101094132241633,1.1964553689724913,0.7681801152270217,1.0914095238095602,4.892182600634979,0.0,-42.634626066270705,701.9497230834563,-41.09974946524343,1.4816459854014594,55.06295941633912,0.21750000000001535,0.0,0.0,0.0,0.0,0.0,0.0,17
1.2485000550615,0.3386546088812898,1.2668042821776564,-0.8334516815753418,0.22437934253039818,-0.6681011001040623,0.03948775690663275,0.002671575040794996,0.017241379310344827,1.3180303519739784,1.5853006152151716,0.8611023954495445,1.64221088485131,1.0377678427136883,1.377048059926612,0.9676099055408361,0.001769301143547508,0.9772617588392245,0.9742282933644341,0.0002210818066460837,0.9741609941992518,1.08823286499853,1.2004999454717715,0.6587615283267331,0.6366555555555768,2.9843050261279984,0.0,-42.68008756626077,623.647062032727,-44.32074690265509,1.3321749460043195,49.740722071059245,0.2179999999999609,0.003245330310153658,0.00023170771408404485,0.0,1.66666666666664,0.0,1.66666666666664,17
1.2492912176202482,0.3089436843834487,1.2612306680311074,-0.8681489022475821,0.23786054936346995,-0.6681011001040623,0.036683448937276306,0.00251710277798727,0.017241379310344827,1.273410974473715,1.4265560217679243,0.8633791174736818,1.489523652586293,0.9820847658527747,1.2047894574781268,0.9674859938557557,0.0015904327268418277,0.9770183428140977,0.9726265692120832,0.00024493409137720364,0.9738516897687459,1.0675040060904375,1.1714856790012893,0.5170630816959751,0.6366555555555768,2.9843050261279984,0.0,-42.53278000085605,615.3448109344631,-44.28331262135475,1.4994693446088794,62.86193561399469,0.2179999999999609,0.002974886117640853,0.00021239873791037444,0.0,1.66666666666664,0.0,1.66666666666664,17
1.0226425127826966,0.5011434677147727,0.8308408109006312,-0.7902797461640144,0.23062589337662492,-0.8858965272856122,0.04008209176020814,0.0051323755813124095,0.013085870680807389,0.980845853023214,0.6791663971486017,0.6803156642375006,0.911795214033582,0.8148186567442058,0.6497792576653305,0.9611531875875847,0.0009176784800396592,0.9725723945324111,0.9673048173753624,0.0005979066784919421,0.9730803397463647,1.03500313494754,1.4328088612055194,0.43646348700264626,0.0,0.0,0.0,-53.18657370538168,799.8877960723877,-53.544670680617614,1.1350536585365854,37.532587933544036,0.19650000000001455,0.0,0.0,0.0,0.0,0.0,0.0,17
0.9332399514063342,0.4682782564239649,0.6861062150174349,-0.6769242977065565,0.19830171739800825,-0.545516969909692,0.039436302334616154,0.004183404778330413,0.0141812435930083,0.9641415386898915,0.5208766143325892,0.7364122091314547,0.9767692722552723,0.7695326640992575,0.6497792576653305,0.9583542393444195,0.0013245389269607233,0.9729203518850149,0.95341275786894,0.0034928452024334043,0.969263082676933,1.059791166629562,1.431223438940002,0.3553188838670208,3.3986999999999994,34.65348506999998,0.0,-49.26697289842911,753.79972834106,-48.501593779912,0.9893904593639576,28.90805868797961,0.19300000000001205,0.0,0.0,0.0,0.0,0.0,0.0,17
1.0487930461389505,0.2775485004851465,1.127879086643883,-0.7766406021148622,0.26905057184868536,-0.6389758983729221,0.059987208311876185,0.004099375836598508,0.03248044544610897,1.4838995403368918,1.311137794623205,1.27808530485816,1.7106411093343081,1.9311234180704728,1.033964402506002,0.9633349589267531,0.0013876855815994544,0.9723995262899682,0.9671331731178329,0.0006427851393572892,0.9751799462175845,0.4989438006137819,0.7738077997612534,0.05515111405250384,0.2640720863309561,0.3486703338959196,0.0,-50.79344118245832,850.6056184514715,-53.75585769231746,1.0178961038961034,38.419355578746966,0.18950000000000955,0.07726002774358663,0.053722006982457986,0.0,6.34469696969701,0.0,6.34469696969701,17
1.1011386242552723,0.24282073420855885,1.2253796335828437,-0.7538890292740253,0.24563523004338117,-0.5704221966925606,0.05725870930212498,0.007107500627080635,0.027027027027027025,1.3204796677054238,1.1192859264983845,1.0403852279358734,1.4703730072086223,1.8627144111523217,0.8756299886624737,0.9641821279227802,0.0011596356133118451,0.9727936499109278,0.964170789373064,0.0005857616640087204,0.9737136661437806,1.1274556409167629,1.5847942905659562,0.3847633705271358,0.10156618705036771,0.1341039745753537,0.0,-49.850415997944545,744.3935482214147,-52.253892371966245,0.7287991137370754,21.053504335324646,0.18799999999998818,0.02781360998769119,0.01933992251368487,0.0,6.34469696969701,0.0,6.34469696969701,17
1.1857152781467313,0.2561885936958759,1.362866514836881,-0.7360704696633042,0.2292931414055767,-0.5222477543346525,0.05117768841605443,0.004934554769919712,0.027027027027027025,1.1529096613872951,0.883022870364907,0.8955675466081352,1.2742245077032637,1.4366404473648753,0.8077241104837303,0.9608325545835024,0.0012987938272555214,0.9727936499109278,0.9633720062139752,0.0005751897083765246,0.9705402426277743,0.9963623233486606,1.426398728352773,0.29308323563891847,0.7401887206836908,9.627437966351868,0.0,-50.26537388561359,737.6247364678098,-53.84308639333018,0.7830969498910669,27.173433688518486,0.18799999999998818,0.018661336428612042,0.010373849662266387,0.0,3.44823232323233,6.292130586164798,2.0,17
1.2812645437463765,0.4774835266517572,1.362866514836881,-0.8109376893204605,0.3644511830638821,-0.5806118263537874,0.049450648518373885,0.004494504732205638,0.02651515151515152,1.141500954593191,0.8601512615090253,0.8082536476085007,1.2785278680714691,1.2366750672806597,0.9223517416465157,0.9615758698597187,0.0011046600476523254,0.9718513599505505,0.9598288192010692,0.0009871322313638761,0.9697649431025099,1.0116531179744004,1.4400505073770264,0.29603315571343614,0.6758244841025003,8.79769248398302,0.0,-50.486538331393874,748.9456617586194,-53.987216666663286,0.9122597402597394,33.33534934446752,0.1870000000001255,0.015995431224524608,0.00890834369297696,0.0,3.44823232323233,6.292130586164798,2.0,17
1.335598560304329,0.4254520031900949,1.4364720247072953,-0.8960302098495685,0.4110375927644763,-0.6624234773071734,0.05287249714579763,0.007105964381367543,0.022727272727272728,1.096629680945563,0.7854052427090688,0.8068286424875121,1.2032743291424561,1.1353516716009875,0.7821061769489237,0.9595716394320837,0.0012337769584339247,0.9712031903535009,0.9600322566974372,0.0009613932915944457,0.9684130081539893,1.1075647086981195,1.4939196631187355,0.3759398496240646,0.5181321044785835,6.75863445458861,0.0,-49.80422191341909,716.417640705701,-53.202474999997506,0.8869059561128518,32.119841622521356,0.18600000000003547,0.013172708067255559,0.007350557326341778,0.0,3.44823232323233,6.292130586164798,2.0,17
1.0964123082725046,0.22724782764833998,1.1180294390707823,-1.0667335337568389,0.4749341885106848,-1.0588459532121415,0.07828786832700191,0.02173792808861061,0.025155279503105588,1.1169458065700761,1.3135625950865162,0.7742932337721734,0.7628248447053406,0.49149283757165513,0.45861241201642966,0.9508720927193259,0.001944592807630053,0.9674245363762265,0.9576569018521842,0.0008735191149151081,0.9627530793877284,1.2279328686397932,1.5401161381170336,0.7433269819778149,0.0,0.0,0.0,-52.010143261390674,638.7657627488894,-55.03145384614781,0.4206723300970873,2.9641100018579873,0.18149999999999977,0.0627563188149659,0.05008128271476306,0.0,14.34703453453456,247.14996256814408,9.4375,17
1.441386763202389,0.723083483829268,1.430102337200855,-1.2336876459050572,0.4048882230108379,-1.195263202130803,0.07234569692000058,0.016076437715578974,0.021739130434782608,1.009862922689905,1.1701781239278155,0.5268398868118909,0.7436991609238609,0.4354005830797049,0.44593147556215107,0.947644024607751,0.0018758887032931646,0.9612112618375992,0.9569912901376395,0.0009096300558069413,0.965331173413522,1.2107677853049268,1.5620057729056054,0.46794571829666504,0.19608333333333347,0.23069204166666696,0.0,-55.7870751074602,726.0775713116695,-57.077730586084336,0.45361648444070624,3.6076669504351,0.18200000000000216,0.054594023128327014,0.04498933964189953,0.0,12.15822072072073,156.1907423682137,9.4375,17
1.50511144297038,0.6749927727703494,1.467853486282673,-1.2782232858066396,0.34156096489143106,-1.2315092508077257,0.06511672106761422,0.014227269500574053,0.0186452043312407,0.9516732489094194,1.038557381599211,0.5014220031098344,0.74092167866647,0.44789791781093613,0.4540762772804542,0.9482126604150962,0.0019402851295378103,0.9637400315065938,0.9575878609776267,0.0008081781283895828,0.9642284013621096,1.226614691218616,1.5520652932510355,0.4814976116235788,0.1307222222222223,0.1537946944444446,0.0,-54.878912360431606,739.126433950456,-56.68904992783005,0.48290082028337017,4.183260149111263,0.18299999999999272,0.04714938361082788,0.039116456781544566,0.0,12.15822072072073,156.1907423682137,9.4375,17
1.576595789733762,0.24712280550069757,1.590209398773629,-1.2767306876868907,0.042681236163643485,-1.3623235790965154,0.044609694639892394,0.004526327114009082,0.01562881562881563,1.1359692614401038,0.9753438640866102,0.8823693906650577,1.063988233970216,0.6031516488110364,0.7681471805394688,0.9513056355497729,0.0018673491874724557,0.96210835878514,0.9644658608402277,0.0006052929473658069,0.9673312392519473,1.021361650446104,1.140049836994398,0.42508750626800573,0.0,0.0,0.0,-73.05426217690825,1214.7123776352028,-75.38122592592262,0.7149714867617107,30.010342864491463,0.13500000000001933,0.0,0.0,0.0,0.0,0.0,0.0,17
1.9197681119098262,0.6225978883669339,2.0070648683365238,-1.4098108927348934,0.04908468549016729,-1.4460061310659587,0.04243256629717921,0.0074672706229930745,0.01162947937795808,1.0863666099921216,0.914909402056801,0.847305537173547,1.2368721953356567,0.94968260863343,0.8171947238497665,0.9567029765246252,0.0013998805231664145,0.967858440044359,0.9675074508358906,0.0005674632110287194,0.973738427130436,1.0196848115910453,1.1075109354671986,0.5408743128806969,0.0,0.0,0.0,-82.48704270475152,1372.2092276030785,-87.56570487805693,0.6078206388206393,19.745771827568593,0.13500000000004775,0.0,0.0,0.0,0.0,0.0,0.0,17
2.01183970664963,0.47200019167805807,2.0780233462704176,-1.2661234522490792,0.1322536233178415,-1.3623235790965154,0.04009043797716434,0.006291568373030007,0.011224434730991311,1.0164541401995533,0.7656437962690175,0.7498812118123024,1.2118853844626742,0.9629147333193758,0.75976547600918,0.9601005631230857,0.0011312819842668493,0.967858440044359,0.9685925993699926,0.0005536091256623273,0.9770450042878782,1.0447954498645857,1.1520090336601585,0.489253653604574,0.0,0.0,0.0,-77.21305562385022,1480.57527313451,-82.76321154685564,0.5501195065535854,14.971786532775068,0.13500000000021828,0.0,0.0,0.0,0.0,0.0,0.0,17
1.9074654746534245,0.4676620411938033,2.0070648683365238,-1.2260274488930154,0.11041541313937762,-1.1264305668199093,0.05349743761876668,0.01575867203380042,0.012345679012345678,0.9949617285081355,0.690677701933139,0.7437697526582139,1.1127681728038332,0.8266309404437006,0.7481675777982005,0.9609905969497213,0.0010376908769996517,0.9691977212311438,0.9687933162483209,0.0005159921424887781,0.9757276769261123,1.0553798351796633,1.1439740408380459,0.492125984251959,0.5482037037036555,1.202109203017621,0.0,-81.06087639772761,1514.4713708897352,-85.82398518519183,0.5374054347826089,13.82064068164527,0.13500000000004775,0.0011427012400732866,0.0001266593140343076,0.0,3.65942028985506,0.0,3.65942028985506,17
1.8892691252946678,0.45045883634774203,1.7457631670829878,-1.2333024785609237,0.1431862659912347,-1.1690638184885518,0.049241606238927,0.013418137185360824,0.014288630332720964,1.005872312964274,0.6871083320248359,0.7498812118123024,1.0945193181521558,0.75873006982689,0.754754815987659,0.9602962996144688,0.001402436197873534,0.9696779698871899,0.9659121892876353,0.0010150356963322391,0.9744664761632376,1.0231981844594895,1.1557553126386109,0.4816265222320541,0.4066571759259139,1.384701570823857,0.0,-78.54546660652684,1502.5085291621192,-82.9195407407472,0.5202726877985238,12.865898976868833,0.13500000000000512,0.01557341365127251,0.00870323320190234,0.0,3.0827618184955,0.5829104967629127,3.33581349206347,17
1.82801049851816,0.5300085861119632,1.7455933757935038,-1.1681930227905617,0.18540744347998203,-1.1401827424452842,0.049241606238927,0.013418137185360824,0.014288630332720964,1.0124823467090613,0.6845370984332876,0.7552762516957673,1.1047422926003245,0.7456922318239643,0.7647761360307009,0.9602430539137667,0.001388553686137118,0.9694378455591668,0.9647556074192255,0.0011322779710794557,0.9744664761632376,1.0231981844594895,1.1557553126386109,0.4816265222320541,0.4066571759259139,1.384701570823857,0.0,-78.54546660652684,1502.5085291621192,-82.9195407407472,0.5202726877985238,12.865898976868833,0.13500000000000512,0.01557341365127251,0.00870323320190234,0.0,3.0827618184955,0.5829104967629127,3.33581349206347,17
1.5607318666548486,0.7271697067382992,1.649231929130145,-1.1772197804772002,0.5237821991793987,-1.0326311441553049,0.05525219306867469,0.006466406293499732,0.022727272727272728,1.1227502915509977,0.7709589297975618,0.7734569738029009,0.9448522987293159,0.27094854365986887,0.8917461007537943,0.973432633750221,0.00038367159810648706,0.9774782311926802,0.9637287966102812,0.0013754344117072707,0.9750867533042693,0.8592759531016868,1.2746755234900733,0.08097821685966444,0.0,0.0,0.0,-91.19283672781775,1506.4571783055192,-98.19157962962531,0.4450524017467247,8.987806016923184,0.13500000000004775,0.017299900721779476,0.009876456644453059,0.0,7.08745874587456,0.0,7.08745874587456,17
1.8622334235945956,0.7308975240360926,1.9907628603281151,-1.3037675740516959,0.42841978963426236,-1.229830775285319,0.05040968512919621,0.006179681387428236,0.020045446950710106,1.121996500805429,0.7330684248122145,0.7734569738029009,0.9102409862988473,0.23876605605119686,0.8162166641046641,0.9726026488964431,0.00037696371936561933,0.9774782311926802,0.9691142726680484,0.0010090801749543857,0.9764326133454055,1.0217365408558035,1.329158235662542,0.23412568927191918,0.0,0.0,0.0,-89.3390412972796,1467.583687655644,-93.94947142858204,0.5129823293172692,11.252771838915791,0.13500000000004775,0.06519164704144233,0.04884922987725683,0.0,13.97485434272171,147.0457169209298,7.08745874587456,17
1.8369373373988231,0.5897038145222416,1.9102526620381706,-1.5662727630628925,1.4148997492776416,-1.2553035382016786,0.045604625169551445,0.005791240441075777,0.013440860215053764,1.0727366850940603,0.6606535313061954,0.7673581882970129,0.8794128914202793,0.20617013652853045,0.8476732426002725,0.9713799063442718,0.0003667209830191662,0.974678964796318,0.9706912883189728,0.0008842079703253853,0.9768945010456817,1.022583186718419,1.2935550078999194,0.2427184466019482,0.0,0.0,0.0,-89.13982353437775,1595.3454205127607,-93.65100229019302,0.5393458461538462,11.488490714060621,0.13500000000004775,0.07644519809564104,0.06298009706253564,0.0,16.20804939629983,178.99782766624438,13.04990221244344,17
1.8303777276622468,0.5132584521946033,1.8661649913870617,-1.5103213291609936,1.1727703391823159,-1.2807763011180382,0.04580617240054699,0.0058369884749472165,0.013387096774193549,1.0537814561862893,0.6333975469169401,0.7615164777823882,0.8421537491707114,0.20147437523586842,0.767873153835269,0.9703340447771089,0.0003868396518193924,0.9738795849974392,0.9694159121467574,0.0008513538862036226,0.9767700807501218,0.9876939330722415,1.256095594525459,0.2728109913211727,0.0,0.0,0.0,-88.85958668607255,1575.531779822257,-93.38381771359468,0.5296395280235988,11.046830268448412,0.13500000000004775,0.07075247057788053,0.05864676509442623,0.0,16.20804939629983,178.99782766624438,13.04990221244344,17
1.5653769073188868,0.17100090802674714,1.4273604511668077,-1.2490761681678586,0.0786765915470048,-1.3599891200870746,0.03946506559164713,0.002655907799635159,0.030049296795708284,0.9349038807038974,0.21096809023438648,0.8604211798293178,0.9270716881563636,0.4164159830697967,0.7541716485539325,0.9563461391733258,0.0019835986458230305,0.9730549634522906,0.9534566030400138,0.002343845043152713,0.9716779347914716,1.0174387983570319,0.9947096252763702,0.7794232268121583,0.0,0.0,0.0,-79.16981293428739,1475.293068636661,-79.96490827337459,0.6059245283018866,13.019811289842902,0.13500000000001933,0.04817103069530262,0.04372049789491243,0.0,12.47960199004974,99.56633944704333,13.57213930348259,17
1.5632274791182157,0.3878033748045168,1.3837000138369988,-1.297005786770952,0.11147276622710557,-1.3599891200870746,0.04148706371306626,0.0029559840423289893,0.024691358024691357,0.8132506713617779,0.2627134101179681,0.6604658405610057,0.9328643123024787,0.403565904441607,0.7669913538049717,0.9536610335453133,0.0018838897658230314,0.9700256948802798,0.9565081734853255,0.0018055637876731592,0.9678320739686561,0.8913693385312094,0.8886284391391849,0.4130524576621244,0.0,0.0,0.0,-77.82507773087538,1519.7858127046204,-80.4065555555618,0.5900554066130476,10.683937218752048,0.13500000000004775,0.05031016941377444,0.04558157863802432,0.0,13.36383962540239,82.90501996276252,13.57213930348259,17
1.4441909807704338,0.3755775320189037,1.3749610186680068,-1.1624650451054375,0.22691932998679665,-1.135911853240205,0.03893669086672593,0.002772701898101346,0.021052631578947368,0.7769922863375021,0.2215566470558256,0.6488410913893556,0.9783938285242939,0.47656803154892047,0.7738310080370323,0.9514622844263743,0.0022832486851139073,0.9677299387085123,0.9574263308061713,0.0016897631676349885,0.9690839737245904,0.7804911800349981,0.8099377022451445,0.3409478349812487,0.0,0.0,0.0,-75.15014087407596,1411.8497446468564,-77.89421111111716,0.625946367956552,12.780678982855342,0.13500000000004775,0.03956430798558961,0.03617957848889027,0.0,13.36383962540239,82.90501996276252,13.57213930348259,17
1.4752819104598534,0.4907120544866486,1.3837000138369988,-1.143463502481035,0.222034822106879,-1.1550687990698183,0.03864832523400721,0.0025701826868282963,0.022222222222222223,0.8238037314205041,0.2657625617642694,0.6604658405610057,0.9997611304935505,0.5082131990614241,0.7679115406010358,0.9535821622660421,0.002090605808029912,0.9678288809983071,0.9560212324510394,0.0022119531769172417,0.969811177201214,0.8165171909842422,0.8613983698482486,0.3409478349812487,0.0,0.0,0.0,-75.63241932012315,1474.394776370001,-78.04217022902696,0.667191017964073,13.649058390692185,0.13500000000001933,0.04264809850853554,0.03928052609697412,0.0,12.69949598413162,68.97213081239144,11.47495854063018,17
1.5122830536669556,0.44242433953669735,1.4769370597590468,-1.0894363480402482,0.2337216504650544,-1.0507412501910793,0.03967232627856744,0.0026412290619498282,0.024691358024691357,0.8580877928812308,0.31921672835037446,0.6781035222872887,1.0104287854928173,0.46617669456207816,0.7750149468401809,0.9558259433954952,0.0018729995472813537,0.9700421430880773,0.9595344621741434,0.0019570466666738256,0.9720340707955891,0.8259114556148344,0.8834076823558887,0.3409478349812487,0.6209166666666665,4.62645008333333,0.0,-74.2115996852126,1481.6035570610254,-76.08711223021398,0.6568904045155235,14.832196063747887,0.13500000000004775,0.04370592606126424,0.04047846049039491,0.0,12.29956798639853,58.59637250058845,9.9,17
1.5122830536669556,0.44242433953669735,1.4769370597590468,-1.0894363480402482,0.2337216504650544,-1.0507412501910793,0.03967232627856744,0.0026412290619498282,0.024691358024691357,0.8580877928812308,0.31921672835037446,0.6781035222872887,1.0104287854928173,0.46617669456207816,0.7750149468401809,0.9558259433954952,0.0018729995472813537,0.9700421430880773,0.9595344621741434,0.0019570466666738256,0.9720340707955891,0.8259114556148344,0.8834076823558887,0.3409478349812487,0.6209166666666665,4.62645008333333,0.0,-74.2115996852126,1481.6035570610254,-76.08711223021398,0.6568904045155235,14.832196063747887,0.13500000000004775,0.04370592606126424,0.04047846049039491,0.0,12.29956798639853,58.59637250058845,9.9,17
1.6261859902389444,0.40286322640448025,1.6358298566887637,-1.1444575219320465,0.17290770360466057,-1.3399515287099177,0.03759644338179139,0.0022247965800016064,0.02045128472675101,0.8812485145603284,0.47212829663080635,0.641532812279833,1.2551107653732423,1.1123904119531223,0.7497552901782513,0.9427633144181748,0.0025664005553291706,0.963008267840872,0.9687683877075444,0.0008303776877323719,0.9763809802658123,1.1404534438143508,1.0641535645465456,0.8137041281746311,0.0,0.0,0.0,-77.35193128405167,1583.6001585933054,-83.05830431653965,0.7458904347826083,31.281331839890942,0.13599999999996726,0.04289407794469837,0.040747995155052154,0.0,9.66851851851852,70.87593621399175,8.88888888888889,17
1.6766325544047274,0.2728537161282893,1.704158145875942,-1.0945255700212009,0.20212330416345703,-1.3270581961100762,0.040522893303017,0.002683366755989737,0.023272466881489436,0.8418115334768882,0.3814780329627073,0.6460968728478814,1.1339046302282632,0.8775198917631453,0.7463169390061195,0.9469528651789044,0.0020956236572961546,0.9593118825740103,0.958919466210961,0.002195468082393734,0.9717440631642181,1.100792225588627,1.1117352188736929,0.5984440454817465,0.0,0.0,0.0,-77.79641611360321,1480.7258242233945,-80.8994588235516,0.546080431177446,16.812809245807617,0.13500000000000512,0.028204325223911256,0.02701945465834379,0.0,9.66851851851852,70.87593621399175,8.88888888888889,17
1.5144895754575933,0.29718846970617296,1.543209876543221,-1.018224374391707,0.1810373696093799,-1.1929107021131593,0.04089896076749272,0.003337230760164699,0.020894976860833234,0.87761982779889,0.414777674771605,0.7187868512693485,1.0518358886244146,0.7595344310893659,0.6811478163448185,0.9475092161444265,0.0020914538502291376,0.9598642149784438,0.957314733558987,0.0018782590337250986,0.9691246067339356,0.9839719483191539,1.0821452040420856,0.3957366307731796,0.0,0.0,0.0,-75.48340521612707,1545.966695532194,-79.85011470586684,0.5668392056374122,14.286367781179887,0.1349999999999909,0.02018544844456394,0.01942486066366001,0.0,9.66851851851852,70.87593621399175,8.88888888888889,17
1.5144895754575933,0.29718846970617296,1.543209876543221,-1.018224374391707,0.1810373696093799,-1.1929107021131593,0.04089896076749272,0.003337230760164699,0.020894976860833234,0.87761982779889,0.414777674771605,0.7187868512693485,1.0518358886244146,0.7595344310893659,0.6811478163448185,0.9475092161444265,0.0020914538502291376,0.9598642149784438,0.957314733558987,0.0018782590337250986,0.9691246067339356,0.9839719483191539,1.0821452040420856,0.3957366307731796,0.0,0.0,0.0,-75.48340521612707,1545.966695532194,-79.85011470586684,0.5668392056374122,14.286367781179887,0.1349999999999909,0.02018544844456394,0.01942486066366001,0.0,9.66851851851852,70.87593621399175,8.88888888888889,17
1.222876437590441,0.10522489294761285,1.2761103680871455,-1.3011385518036984,0.06438843565898861,-1.24394254067151,0.026479308010643764,0.001193120317299336,0.0112,1.9267435475278227,2.0152080181702368,1.4516338986739812,1.8402927243395952,1.2633069683266809,1.300538955373235,0.9778824499827377,0.0002692845763014196,0.9851505312804258,0.9743905101071945,0.0011456342632880157,0.9903892589055281,0.3965534213406623,0.30565729462598695,0.23030861354214655,0.32679333333333366,0.3565990450231885,0.0,-16.47583095567935,502.0725671758235,-7.953287943352153,0.6833014705882354,30.839607706369836,0.13900000000001,0.0,0.0,0.0,0.0,0.0,0.0,22
1.2947252527801556,0.09029901712081989,1.3863682193990674,-1.3689374229550055,0.1406549560802478,-1.2920329160071566,0.02762635139728452,0.0015298682637096685,0.0112,2.0615283895689527,1.960562509040756,1.7850878525085316,1.9455620930879023,1.145377795896459,1.400965899426069,0.9810230282579104,0.00023314098703910305,0.9859407003975106,0.977773032282927,0.0009888193770709087,0.9910006243088177,0.4187453277504929,0.3709692333736763,0.23030861354214655,0.27681294117647093,0.2658998169971481,0.0,-15.02705124747871,358.1268319209438,-9.08810194444365,0.7656689976689978,39.67493827770753,0.13900000000001,0.07392783133917094,0.05415214506465378,0.0,3.65211640211636,6.2043388342992305,2.26190476190469,22
1.29681335381971,0.07685294631537042,1.3467788809413626,-1.2940316939973824,0.20557713314831405,-1.3256973167886186,0.034140949263822336,0.0017071600481994899,0.016086604811510887,2.057869026232604,1.559532686308119,1.8564787694328224,1.8016470693476565,1.1047122078804368,1.349558446856358,0.9843594751796941,0.00020227617019447387,0.9871921970170643,0.9795854881130105,0.0006808339554013009,0.9903892589055281,0.45877987822368926,0.3820235415322047,0.26214808043253146,0.289081011734172,0.2893133811227291,0.0,-15.578135418556732,275.2677971653675,-11.582124809173278,0.5975557251908399,26.401534213469876,0.13900000000001,0.04566130759184087,0.03414928000290784,0.0,3.65211640211636,6.2043388342992305,2.26190476190469,22
1.3348303287907413,0.07388832213309009,1.3863682193990674,-1.3344057362341826,0.16452289868497633,-1.3845452176179345,0.030279778683883284,0.0014598643209704878,0.014100296475978706,2.104441607729436,1.5654022426135972,1.9627685384827829,1.8284379703693325,0.9779035083285174,1.3766585736018615,0.983935687813019,0.00038814406658899293,0.9888039259183167,0.9817053580061241,0.0005727143026343708,0.9905383511529029,0.5200453688314645,0.4065154348479846,0.30127562249560913,0.29749541893954573,0.3044639284713681,0.0,-16.083621409437256,272.9799969367648,-12.145550935250782,0.6118539638386649,26.616526645325283,0.13900000000001,0.11381211145306473,0.09435094466496548,0.0,9.3945767195767,1447.9135979885793,4.36428571428567,22
1.3436031167792908,0.06644299849087769,1.3923698134224418,-1.3768665644534273,0.1624247751766007,-1.3871934302518845,0.03425384183168513,0.0021135145546819917,0.014809902740937223,2.0197133246196435,1.4990101789398278,1.7466085507801818,1.7841552065423179,0.9327438473588391,1.3766585736018615,0.9830561566831709,0.0004647959568382481,0.9881957805762097,0.9808825938520028,0.0005252726413927694,0.9899189317353363,0.509075269973005,0.3723343062690405,0.30404378230465307,0.3088969711379949,0.3093747728009371,0.0,-17.07712393754309,285.39247723400774,-12.968433597402138,0.6587644762524398,32.373927940586235,0.13900000000001,0.10853870111198165,0.08672773433357897,0.0,16.95045351473922,1248.4108326734581,2.28571428571429,22
1.4588842314441077,0.04134707792156228,1.4305654875467073,-1.6072607768795832,0.1651470814126165,-1.4519333639003438,0.03154346229383698,0.002571339491044761,0.012453063612219643,1.4906738232904344,1.167178326020945,1.370814639668698,1.4849305672860265,0.6752873238748897,1.3851349689407164,0.9865074419472207,0.00018074605332280978,0.9906862196461951,0.978327113777878,0.0004949062603021062,0.9842897556286284,0.3984944597328516,0.1944453350843131,0.23923488577153507,0.7127989990616165,1.2698532113760224,0.0,-14.743847317244539,134.72179706624954,-11.949460935251503,0.5096311274509804,14.131933781557505,0.13900000000001,0.03672356793184526,0.03566804628519166,0.0,4.08888888888889,8.726913580246912,4.08888888888889,22
1.4588842314441077,0.04134707792156228,1.4305654875467073,-1.6072607768795832,0.1651470814126165,-1.4519333639003438,0.03154346229383698,0.002571339491044761,0.012453063612219643,1.5944649346671587,1.4131469115652373,1.4504212185272998,1.4849305672860265,0.6752873238748897,1.3851349689407164,0.984465525130368,0.00028636873778870367,0.9904263538478295,0.978327113777878,0.0004949062603021062,0.9842897556286284,0.3984944597328516,0.1944453350843131,0.23923488577153507,0.7127989990616165,1.2698532113760224,0.0,-14.743847317244539,134.72179706624954,-11.949460935251503,0.5096311274509804,14.131933781557505,0.13900000000001,0.03672356793184526,0.03566804628519166,0.0,4.08888888888889,8.726913580246912,4.08888888888889,22
1.288532427227383,0.15192277944033056,1.3419732409906318,-1.3146709680782418,0.08881931934406455,-1.217149144587581,0.03313046187435565,0.0018174371432151304,0.015053387012077719,1.8318035670065003,1.2624524753698056,1.5880489428178068,2.1424353673896674,0.8489956565461657,2.262558398076381,0.9781514096797711,0.0007270562888494875,0.9893076358989074,0.9856985595609594,0.00012542946958096372,0.9903629846228628,0.2251145586550209,0.038023097282966184,0.17860332202178994,0.849342586002957,1.3337600765909172,0.3921500000000009,-15.903300387410361,175.7903202031216,-12.044791428572792,0.7773068862275448,32.60035140642928,0.13900000000001,0.09899364477944814,0.07772402964483309,0.0,7.9409005628518,19.66927441752406,7.9409005628518,22
1.288532427227383,0.15192277944033056,1.3419732409906318,-1.209836448238565,0.1888532715837684,-1.2117551698097362,0.03313046187435565,0.0018174371432151304,0.015053387012077719,1.8318035670065003,1.2624524753698056,1.5880489428178068,2.1867773631225575,0.8293590419668165,2.3489552210852196,0.9781514096797711,0.0007270562888494875,0.9893076358989074,0.985412273766669,0.00011898344018436676,0.9902447952489019,0.2251145586550209,0.038023097282966184,0.17860332202178994,0.849342586002957,1.3337600765909172,0.3921500000000009,-15.903300387410361,175.7903202031216,-12.044791428572792,0.7773068862275448,32.60035140642928,0.13900000000001,0.09899364477944814,0.07772402964483309,0.0,7.9409005628518,19.66927441752406,7.9409005628518,22
1.1553829682740437,0.13918886293298716,1.151198987651639,-1.3513143173835427,0.11978187942984489,-1.4278767776377606,0.04026192789410646,0.0027096724986610393,0.023860027862396518,2.1091647035430676,2.4758374988209804,1.835763465848181,2.1133052076093666,1.753364527396592,1.554273285987687,0.9797951222769782,0.0004508301390558274,0.9893586740624765,0.9605575198592363,0.004028679646310139,0.987106037521696,0.47560416512350795,0.6408008324231169,0.11602919211614857,0.8001608080807997,1.8482297343582246,0.0,-15.835819785180028,131.7551867822236,-14.574809784172306,0.28979032258064513,3.6235362305149232,0.1389999999999958,0.03164244299420189,0.01601990717826106,0.0,6.826086956521739,0.0,6.826086956521739,22
1.408270503722703,0.0948119223409129,1.3014478607450766,-0.8459330893366193,0.3222415598059236,-0.8607237854076795,0.03411409953616572,0.001160637217433541,0.02347467373599488,2.014417051148192,1.1286902597553685,2.10824000882692,4.9135821391815995,39.60350998751636,2.8963794679531376,0.9790645825184119,0.000318790834877442,0.9845052037776525,0.9482259187913066,0.01340263282561425,0.9867772531105469,0.3598522054378547,0.3743961026698956,0.13818550408067046,0.42483500000000013,0.2924283643909092,0.19607500000000044,-13.290354325142225,112.67644319026722,-11.899081181912148,0.3531703703703705,12.879326162325533,0.1389999999999958,0.12393950334595286,0.08381471038120496,0.0,4.68184853651607,7.9095260424451785,4.29703040636547,22
1.2526499917100404,0.12046837602213684,1.1907597046916059,-0.9413681624132938,0.2490700757301353,-1.058646135845807,0.02865081355171777,0.0009294060739190054,0.01698279413546589,1.5828248574128938,0.8893396529341228,1.5337581393687996,2.503893448061681,17.41888178376462,1.4224018748177998,0.9702438585273476,0.0007142383750068965,0.9781045773307853,0.9594490466444454,0.005339813796803098,0.9825487985715335,0.5931529886010725,0.5543023613442841,0.3209151774725528,0.3676456250000001,0.25567057478625005,0.0,-13.231955785299228,115.63698107821621,-11.753370935250782,0.46981038647343,15.358639544414357,0.1389999999999958,0.07290559020350168,0.05209035921867916,0.0,4.68184853651607,7.9095260424451785,4.29703040636547,22
1.2699508076700405,0.10402324524733766,1.259763164525053,-0.8923909224840544,0.24863865847896024,-1.0380623988342896,0.04788028483263864,0.007899783432492539,0.019892014776925263,1.5684666779731145,0.8500950946304514,1.5200984755026954,2.5959007600705486,15.718669555016064,1.634784271113644,0.9705947527160018,0.0006265148065774225,0.9768235010922404,0.9581590435895107,0.005344649062919846,0.9824460353360033,0.6533789283849334,0.642207992117398,0.34153005464480907,0.3267962500000001,0.2629980119201088,0.0,-15.613513782177208,179.45520375858473,-12.576263597397812,0.4282554347826089,11.990107281244716,0.1389999999999958,0.06054610269229559,0.04184802321892021,0.0,4.26508667235012,6.800596788949336,2.82608695652176,22
1.2615401126075665,0.17580569335005902,1.2434099273848607,-0.6279687885653703,0.21997438559048604,-0.3463563313937354,0.03313589376473819,0.002589923846497919,0.012487581160198493,1.6242950610786389,1.7312148967848118,1.57111720526547,2.2185143046548026,2.521994451901393,1.6378118231024898,0.9812372025314338,0.0005273181294480469,0.9891502189580654,0.9674228245282069,0.002101575447941945,0.9823463533179402,0.49076976379489184,0.23475820054301483,0.21877050973528778,0.3921572727272727,0.5228826144218179,0.0,-17.07574535972961,161.36022534166833,-14.574809784174903,0.329243710691824,7.961314946810766,0.1389999999999958,0.058823529411764705,0.058823529411764705,0.0,3.348348348348347,0.0,3.348348348348347,22
1.191960014509211,0.17962679911751173,1.2513611051596079,-0.7397603482287703,0.2467197495599851,-0.7271509418918676,0.03027244364040817,0.0023796322105963503,0.01186623516720604,1.5478767808178286,1.508357276420052,1.1105642922914019,2.186618148715473,2.5944197060548895,1.5835001401721254,0.9824695398597153,0.00046361694340420483,0.9897298236435298,0.9636454909279486,0.002627515063149554,0.9863616473199086,0.5863702071742134,0.3860752310724115,0.4606172270842946,0.3921572727272727,0.5228826144218179,0.0,-17.173194005305827,160.95204445268521,-14.697474782608047,0.7665987654320988,78.38372997168312,0.1389999999999958,0.05263157894736842,0.052631578947368425,0.0,3.348348348348347,0.0,3.348348348348347,22
1.369724941157912,0.1881856670085758,1.438726117756076,-0.9263075781628889,0.29313006908374534,-1.1187559433909593,0.031012914873625584,0.0021991296740690985,0.01186623516720604,1.559104033150212,1.183517241987438,1.286369875892209,2.05130441987598,1.9050615914915385,1.555023751689894,0.9850723732038287,0.0003189412769453686,0.989638407139976,0.9702023245426189,0.0018577439705145281,0.9865965493758779,0.5418923879669187,0.2970020727584644,0.3803727653100175,0.5228755555555555,0.6513356220732024,0.0,-17.64422419167393,171.43329662370127,-15.080394545455784,1.051114772727273,119.31765331218197,0.1389999999999958,0.10614942608836256,0.08483601544782071,0.0,4.883589263545048,7.919903597880566,3.4782608695652173,22
1.389255006952562,0.15063619024130873,1.438726117756076,-1.0607468019477322,0.28178153693787616,-1.1725735057016522,0.028763778245151833,0.0018623048448810121,0.01016632539425944,1.7493113866469734,1.308507155642008,1.57111720526547,2.123401709761195,1.5940663408042346,1.9581126151431696,0.9826272839043781,0.0005056443350581664,0.9888288293890279,0.9744971990445627,0.0014080041079761834,0.9873575597868344,0.5279647195709705,0.35364529065679173,0.3047851264858322,0.6826414814814815,1.497549213113105,0.0,-17.84423726861631,170.05401270041105,-15.359139784171438,0.9560257548845476,96.75667176733609,0.13899999999995316,0.1283521601436328,0.09541163109700664,0.0,5.392340692313059,7.290777803383118,4.917701863354038,22
1.3860660175631863,0.14139431245776127,1.4245014245014327,-0.9717853019111286,0.3112070196304284,-1.1678345011678302,0.027850189550105695,0.0017574194320669648,0.011016280280732739,1.859860522193735,1.7254519282663328,1.6217375465495167,2.4372851144274095,8.102128809330376,1.718472998592021,0.9824080101249854,0.0004893525431948107,0.9887775295347115,0.9722915437115314,0.0017248050700736117,0.9868314514318473,0.5205725280028688,0.3330032097237522,0.32079943424325,0.6582614285714286,1.4587272628793648,0.0,-17.77423975052572,170.22019113657967,-15.216466717557216,0.9277867459643165,92.60898050125274,0.13899999999995316,0.1411634834679891,0.1060202561439621,0.0,5.558623825265929,6.6282813007018255,6.357142857142859,22
1.3074151030987613,0.2076259407525406,1.5298540082175092,-1.3034937931047144,0.4036593613059113,-1.2116806009935759,0.031488310016072094,0.0005396301863972571,0.025411867431976064,1.6725199200546577,0.8225904878685689,1.495054024354252,2.0882577862592413,2.3527044392120486,1.7571089013242776,0.9752456308190917,0.0005661419795567189,0.9831085971229474,0.9771741609736551,0.00046091969836510604,0.9858048482012294,0.5305594053877952,0.5740399514760426,0.27862914460852617,0.39215562500000023,0.5126273689995832,0.0,-16.157372891128446,220.4029249127064,-11.960103661415708,0.37131333333333344,8.01934153720516,0.1310000000000855,0.05263157894736842,0.052631578947368425,0.0,11.023809523809524,0.0,11.023809523809524,22
1.285703251555276,0.1611778486558282,1.3574335258596806,-1.2659083883436433,0.4124303810329578,-1.2116806009935759,0.04491666079624501,0.003982860788133118,0.029175112093851728,1.7356878605244181,1.0128826816821088,1.5896001553384698,2.392912432486333,4.522917745459982,1.685761445033562,0.9678296130445987,0.000868847740437082,0.9760456463753684,0.9776891532149355,0.0004053652893658298,0.9844674516078296,0.5048970032396941,0.5676623197669106,0.2610966057441264,0.42483500000000013,0.4803076787913042,0.0,-18.11743168403104,340.62732562540475,-12.145550935250782,0.47673490813648295,16.951412632817135,0.13200000000006185,0.034482758620689655,0.03448275862068966,0.0,11.023809523809524,0.0,11.023809523809524,22
1.2285481450713758,0.14410397238255016,1.2271307452030298,-1.1476069972211875,0.41615761540206636,-1.1266013059127022,0.0440619606455304,0.003605328301741022,0.024150586624055573,1.8901850253182368,1.2189099100510568,1.7279646711580503,2.5057616696430984,6.787183982759747,1.7402870101773034,0.9718162061582489,0.0007366450977916883,0.9818500107471456,0.9736076209426656,0.0013750884923503267,0.9855842958273155,0.6183422810926601,0.7150298568595781,0.25974726928033176,0.42120407407407423,0.4604863608481479,0.0,-18.97263951132802,327.9468931035951,-13.790509784171439,0.5120340184266478,18.225169222955408,0.13899999999989632,0.025,0.024999999999999998,0.0,11.023809523809524,0.0,11.023809523809524,22
1.2285481450713758,0.14410397238255016,1.2271307452030298,-1.1476069972211875,0.41615761540206636,-1.1266013059127022,0.04482022364973741,0.0034143242441505377,0.025411867431976064,1.8589570118207281,1.2002006960535276,1.7044162959773856,2.218871590878007,5.921655428967597,1.588629216599141,0.9719359525721436,0.0006667549220559691,0.9810363301491583,0.9763663854297576,0.0011546834390203005,0.9882590890141154,0.594356708636068,0.6922112305130326,0.2610966057441264,0.39215526315789484,0.37407739644722604,0.0,-18.183365540059242,287.75686934380406,-13.43879442898075,0.4528606158833064,14.404189988129138,0.13200000000006185,0.02040816326530612,0.02040816326530612,0.0,11.023809523809524,0.0,11.023809523809524,22
1.3282701987640637,0.05129234594189902,1.3279640465295848,-0.9661457003740256,0.09021885572100662,-1.067954417762374,0.07706957911167403,0.01336823287799886,0.035516454871293575,2.083203848780443,2.0877975002899736,1.7076633567861739,3.0859756359938,7.332385463385598,2.608548558596739,0.9741221360473776,0.0005205910013833735,0.9832926063528793,0.9808682678045216,0.00029510737700476667,0.9861890280898846,0.4966239254581994,0.42283249582973137,0.23207240659085648,0.3386800000000001,0.3558398045428572,0.0,-14.432720847545225,113.44262636176566,-12.57626359739763,0.2713798828124999,4.516437189858839,0.13899999999995316,0.07274674258746275,0.0580843371222234,0.0,4.8074494949494895,18.86623893607799,4.8074494949494895,22
1.0777338989030683,0.20803545124431008,1.1390319980373507,-0.8387810702739925,0.16144657326556047,-0.8278193181264121,0.05984779894507096,0.010491529838952282,0.02144899502607167,1.6048540546388397,1.67910893967083,1.3410099211509345,2.2739341549256156,4.2525291880377205,1.8646409334311316,0.9675830154182032,0.0009450896059676843,0.9820991893157844,0.9735194736793698,0.0006063298516120972,0.9823622717792954,0.6479020005279646,0.6263277955258211,0.32977161562602264,0.45540580645161305,0.5238619687718281,0.0,-13.86263944774674,111.28711788644019,-11.894896791192227,0.40118674698795187,11.766301011607162,0.13899999999989632,0.0531610811216074,0.04290356546352779,0.0,4.8074494949494895,18.86623893607799,4.8074494949494895,22
1.0053609564355015,0.22438972331193824,1.016260162601705,-0.8170536034871909,0.15699591736973673,-0.6816632583503769,0.05560309210451324,0.009284892381203062,0.021291483050243157,1.6335174608306575,1.6464603164983929,1.3410099211509345,2.2274850776442587,3.96867241080211,1.8084890373613176,0.9653250775051491,0.0009371071098124746,0.976940405709321,0.974690767009553,0.0005728671946937501,0.9831478261602024,0.7568699931030023,0.7936368229166217,0.4475525309935615,0.43697257142857154,0.477380434719664,0.0,-13.716292943726824,111.64454587754061,-11.75337093525655,0.6668821104699095,84.1086517278398,0.132000000000005,0.04607293697205974,0.03732366500509394,0.0,4.8074494949494895,18.86623893607799,4.8074494949494895,22
1.060163470023641,0.21233882793598843,1.0525352370492316,-0.920160856150373,0.1789310786164482,-0.9739753779024473,0.05680364489434497,0.008169764489945329,0.025079745826633797,1.8194746534258213,1.839227402300219,1.5906548407374665,2.2459665526971118,3.626739298078,1.8664544902071087,0.96755927991616,0.0008712040332319099,0.980909005546429,0.9778729141694823,0.0005283450138352065,0.987673161423984,0.7163131194742999,0.7960788630688006,0.2973513243378254,0.38530089448827654,0.4166278329201642,0.0,-15.930199346628246,132.45671705538615,-14.453897142858779,0.5435601681555442,59.12679407826541,0.1310000000000855,0.03839411414338312,0.031228567507253748,0.0,4.8074494949494895,18.86623893607799,4.8074494949494895,22
1.1085151058456382,0.1907312412703612,1.1402922547264236,-0.9325323927752965,0.23913050366002014,-1.0131816229875523,0.050180859872125234,0.007064991044420212,0.018014820349959524,1.7917475896695605,1.7596094976118772,1.5183551532304342,2.1065583861858173,3.149914551062776,1.804861923809363,0.969512834092707,0.0007880238010833018,0.9815154369049925,0.9767172206210961,0.000806542608556843,0.9859510989288395,0.7801370972373928,0.7951943138474316,0.4404608515923863,0.3701619735219495,0.36670772397010193,0.0,-16.077254301688054,145.47568454909447,-14.481704285724021,0.5958189855746859,57.4933957470137,0.132000000000005,0.02879558560753734,0.02353759222896973,0.0,4.8074494949494895,18.86623893607799,4.8074494949494895,22
1.1014304362653418,0.19994262346745878,1.1390319980373507,-0.9285231705047146,0.2161723805519697,-1.030609089972152,0.045693438970560364,0.005889099559564966,0.018014820349959524,1.873524867579568,2.11330145855277,1.5538736567524352,2.2255778606560037,3.12161266548205,2.0137573354305833,0.9722252294066829,0.0007245707591271552,0.9827903526837565,0.9760368199282239,0.0007796580163786022,0.9846643874954905,0.7302273549573481,0.7360876713861524,0.37724787749506394,0.36110153128400924,0.3525181283847778,0.0,-16.17218546765648,134.95620002604664,-14.824266717545525,0.5427757619738751,46.515732882548434,0.13200000000006185,0.0342574156005993,0.025180637113634354,0.0,3.6971195247404864,8.242630979051917,2.5867895545314834,22
1.098082788423193,0.1933842526266942,1.136409423054946,-0.94266237015401,0.21376367115531572,-1.036061296444196,0.04019652334476427,0.004660880333925364,0.016634654316944712,1.8245420212194632,1.980704541337087,1.5094618215533953,1.9966887944009504,2.8064572186813157,1.6894887654744013,0.9727707428579038,0.0006682469760319541,0.9820991893157844,0.975736956932064,0.0007170945156874616,0.9839336230901155,0.7133935993038388,0.7069686764577773,0.3277415346381004,0.37981246990064355,0.5106175309984926,0.0,-15.971533134572374,134.28248910132245,-14.574809784212977,0.49683814858490594,38.15485134241924,0.1384999999998513,0.0250664016589751,0.01857468163910832,0.0,3.6971195247404864,8.242630979051917,2.5867895545314834,22
0.8914325632074543,0.18359931824610676,1.0679191540139186,-0.829352959093843,0.13800176717984924,-0.7546313958869413,0.023242598142417272,0.00040052428863326364,0.019717781779263838,1.4764023929424985,1.215965149469742,1.1082931828490912,1.4019770116895625,0.7276136026521833,1.195299137261226,0.9539956210845243,0.003542286632753548,0.978657059062208,0.9721736964699351,0.0005598059623534594,0.9801567104065024,0.8812904579316638,0.8574444028864106,0.405637297243051,0.3318230769230771,0.22673700747307698,0.0,-13.692606678809492,97.96483443981737,-11.753370935250782,0.5706408317580342,13.149826692723552,0.13899999999998158,0.0,0.0,0.0,0.0,0.0,0.0,22
1.1591923937601862,0.02351173894556596,1.174422869483306,-0.7148502283300878,0.10980581380221244,-0.6776364042220742,0.037586083536769906,0.0016512165504044896,0.030474531720512427,2.0961023895182134,1.0507766042087432,1.883707399173785,3.129624208104652,6.690715405611786,2.5487284632110088,0.9685823741315578,0.0019533548598164806,0.98487857743453,0.9647284891884479,0.0015181703893749772,0.9830171057409544,0.5803234713732629,0.7040142953782882,0.19673200226822768,0.5882361111111111,0.5653952959310456,0.0,-14.025898868609238,68.84227625182476,-12.968502736557063,0.33748637015781907,6.329341580632924,0.13899999999998158,0.0027141265305867936,0.0001325966908326319,0.0,2.0,0.0,2.0,21
1.1810862406059193,0.022995636427502422,1.1904220605991835,-0.667723753681616,0.123217920085066,-0.6776364042220742,0.039202183537649676,0.001608168420532923,0.030474531720512427,2.08153337468919,0.9818646758681924,1.8366337835526283,3.678777188394411,19.289843749792844,2.228994204878927,0.9712543758676101,0.0015685041647853651,0.9846125371306212,0.9518730020335259,0.0067099866552852465,0.9830171057409544,0.6089207667426851,0.8001426133786783,0.16420313232693776,0.5228766666666667,0.5126250160233332,0.0,-14.34466352163407,74.75106042178922,-13.620948335823812,0.302434279705573,4.975818713307876,0.13200000000006185,0.002220648979571013,0.00010848820159033519,0.0,2.0,0.0,2.0,21
1.2057602610176337,0.02247700416716728,1.2198972415970601,-0.6792368741182772,0.13585133735328597,-0.6776364042220742,0.04589974005726052,0.0031925153079121332,0.030474531720512427,2.098443763522241,0.928812018214485,1.9739718771740093,4.59363728669938,23.607510673189545,2.8426329477518957,0.9743944157753706,0.00126984926124887,0.9846125371306212,0.9483597205131147,0.007169990365933217,0.9821534975318827,0.5169393193528214,0.6597753757451984,0.13947299410444924,0.4817928571428573,0.4711833179915965,0.0,-15.524680825826612,89.82249467677353,-14.453774285715067,0.30015046132008516,6.984767323936223,0.1310000000000855,0.0017447956268057958,8.524072982097765e-05,0.0,2.0,0.0,2.0,21
1.1593395194748253,0.04540626610197871,1.1954835655240137,-0.6130840688181067,0.13283470415601706,-0.5967241974900874,0.0440586273792352,0.002943913971207338,0.0303935078854693,2.0764528964447098,1.008610629535729,1.999784921511047,4.443110632501892,20.4549481271541,2.7527031224244927,0.9713070151477128,0.0013794621014116375,0.98487857743453,0.9457083141699673,0.007944797228724345,0.9821534975318827,0.5068775080509966,0.603859211900305,0.14471780028943626,0.47824000000000016,0.4345424481249999,0.0,-15.170830284017205,86.92922470518839,-13.980592113829744,0.33878029812054444,8.827481914734808,0.13800000000003365,0.004237362986499457,0.0002879011244476723,0.0,1.83333333333331,0.05555555555556345,1.83333333333331,21
1.1593395194748253,0.04540626610197871,1.1954835655240137,-0.6130840688181067,0.13283470415601706,-0.5967241974900874,0.0440586273792352,0.002943913971207338,0.0303935078854693,2.0764528964447098,1.008610629535729,1.999784921511047,4.443110632501892,20.4549481271541,2.7527031224244927,0.9713070151477128,0.0013794621014116375,0.98487857743453,0.9457083141699673,0.007944797228724345,0.9821534975318827,0.5068775080509966,0.603859211900305,0.14471780028943626,0.47824000000000016,0.4345424481249999,0.0,-15.170830284017205,86.92922470518839,-13.980592113829744,0.33878029812054444,8.827481914734808,0.13800000000003365,0.004237362986499457,0.0002879011244476723,0.0,1.83333333333331,0.05555555555556345,1.83333333333331,21
0.8435252452521613,0.22011934913078515,0.8300132802124851,-0.5764201885015366,0.1336630830120199,-0.4047272138578592,0.02238048199986079,0.0004241891522184585,0.017206585287828903,2.198711004975362,3.632919833686706,1.466204466007445,3.1028772312359147,10.871502843814758,1.3774546743831313,0.9679938227675646,0.001063041989094762,0.9745667713845216,0.9599702343047568,0.0028762127848097714,0.9788472725533647,0.5698746176681682,0.5429129416350819,0.2422013397623151,0.19607750000000013,0.13181618059285732,0.0,-12.00464068193465,55.958830354270546,-11.189964809160283,0.38153500000000007,4.736495271954885,0.1389999999999958,0.0,0.0,0.0,0.0,0.0,0.0,21
0.9753303539542626,0.20520281516392677,1.0679925575242533,-0.8538206758130917,0.39706255776314414,-0.6267213495026852,0.02434200751322794,0.0003993430911055744,0.019954648526077097,2.1986740928938397,3.0362429793541454,1.466204466007445,3.0489900516636945,8.90481484515056,1.9282108572920116,0.9712155202314579,0.0009021092508250253,0.9841047330868726,0.9626662547354905,0.0025299219485570824,0.9791566167280694,0.5179603057755021,0.451802762207771,0.2422013397623151,0.19607800000000006,0.11106755521777788,0.0,-15.105663083591294,88.40771605008067,-13.360662736556703,0.5842220588235298,19.34164199332712,0.1389999999999958,0.0,0.0,0.0,0.0,0.0,0.0,21
0.9901953116783052,0.17136380037728352,1.0310631198095506,-0.8208504711414653,0.36010933890173324,-0.5787880110278748,0.035844525202144754,0.0015576755184497685,0.026940370641526136,2.2266957794181725,2.7248172213758064,1.6459333437929908,3.514795470157319,10.414369820197118,2.1761490154503296,0.9712025142579013,0.0009722224774118506,0.9879380893950749,0.9592325164544974,0.002297006491699036,0.9773598031140769,0.41850453952059125,0.34568421588917125,0.22905592505050548,0.285205,0.2662982342833334,0.0,-16.13528697186791,104.0037033068161,-14.574685899279352,0.4280283687943264,11.925603823506826,0.1389999999999958,0.016444362027630527,0.009194179444856409,0.0,3.13725490196077,0.0,3.13725490196077,21
0.9952368361514544,0.14584342676188847,1.0310631198095506,-0.8123342147989426,0.3349324971334955,-0.5787880110278748,0.03174138013579884,0.0013411969634282885,0.02178778053277386,2.1729735726700987,2.227182254639887,1.8558330111895651,3.5029015712332257,12.673558599781002,1.9572476825811527,0.9730485795845403,0.0008464888237884961,0.9878101167384249,0.9592655957074672,0.0030037609018912117,0.9788472725533647,0.4309708743167616,0.31881582162056504,0.22905592505050548,0.2740963191792881,0.2108437642167343,0.0,-15.550438889605129,99.18471783297008,-14.223215153027859,0.41729969879518114,10.581968255252356,0.1389999999999958,0.01331210259379614,0.007442907169645665,0.0,3.13725490196077,0.0,3.13725490196077,21
0.9909237186290268,0.140493367243232,1.0220786814507572,-0.860979494143809,0.336373482091454,-0.6267213495026852,0.03196827209040907,0.00127275949180922,0.021268569733189226,2.157305571573561,2.19563479412674,1.8128355079439968,3.3347097640990926,11.43811267705224,1.8053824411033124,0.973854889219898,0.0007922169565311943,0.9872108836764473,0.9616399088839944,0.0027175367329245444,0.9789822863201163,0.39827963023515384,0.2877794242472277,0.22436905704536456,0.2981075614927005,0.23872615220955953,0.0,-15.406036180634224,92.33197960728269,-14.101185874122521,0.3876035539215688,8.855410767933407,0.1389999999999958,0.01438006647845286,0.006636087680805302,0.0,2.56427015250544,0.6196904324547688,2.88888888888893,21
0.8823854801056301,0.16030903031009228,0.9960263317375027,-0.9740037645436828,0.11579972881060871,-1.1043469858229331,0.02670166748421213,0.0008406775586951975,0.017749840632870384,2.250582079930601,2.818099171852407,1.7376862517486056,1.9765729879017198,2.743194859326814,1.6887864728032567,0.970394643511079,0.0018550296035327095,0.9812238217282784,0.9789094528189409,0.00033423466142212875,0.9840060461560425,0.4077741211412041,0.24243432143642565,0.31606181385917054,0.7562992857142855,1.6198093389302197,0.0,-18.916794609556852,115.42539528264834,-16.78663666666626,0.45272028985507223,9.545576343999922,0.13900000000001,0.0,0.0,0.0,0.0,0.0,0.0,21
0.9107168166867898,0.13019996452137622,0.9960263317375027,-0.9835738624497179,0.15430998785194658,-1.1043469858229331,0.026467587668911392,0.0009549993537211057,0.015517857541278168,2.318296720897875,2.5563138772362124,1.8098960057651658,1.9119868881139896,2.187925777381041,1.6651418993539995,0.9731886408554669,0.0015132665040504469,0.9822125025490772,0.981303699112081,0.00027628200940249065,0.9843859215122699,0.4257338193028186,0.2443687908415851,0.31606181385917054,0.7058793333333332,1.5422412458352377,0.0,-17.98074365726307,109.95341671067801,-15.608434045805389,0.6301865407319951,27.8599257287548,0.13900000000001,0.0,0.0,0.0,0.0,0.0,0.0,21
1.1950780933119638,0.03195250213650024,1.144357714175589,-1.0274342186014958,0.26494240922515694,-0.9971282225746374,0.023183788247482916,0.00038114930288895833,0.01881720430107527,1.9796741322621354,1.551615864455536,1.5740508341469046,1.9610982504685324,2.6325312038499646,1.582758965479308,0.9820881146527158,0.00034097137895072765,0.9880048773472171,0.9684601897239004,0.0024188744256357715,0.9825163506108814,0.46494766867264314,0.2513470405623557,0.39385584875935165,0.5228783333333332,0.8761301224878784,0.0,-16.568661629775963,84.86122452219143,-17.62179450381675,0.6108447319778187,18.36099851288422,0.13899999999998158,0.10526315789473684,0.09941520467836257,0.0,14.96598639455782,1.1199037438104504,14.96598639455782,21
1.1867963109157404,0.027866814231582607,1.1356827838204215,-0.957848703107126,0.24302092106765136,-1.0412525321368546,0.023071759066539674,0.00046411011160585883,0.017743979721166033,1.9087811907367953,1.2896558313316786,1.5220305978682962,2.5609974608505826,10.314407155816799,1.5887950205876873,0.982674152946412,0.0002868234400681704,0.9880048773472171,0.9657495148223588,0.003088682607558009,0.9835982685173768,0.4034567720854922,0.20701363325146083,0.29770765108663216,0.3921589473684209,0.5809798112099414,0.0,-14.721402435792383,82.4310261368397,-14.574685899279352,0.7142878378378377,31.783785682937108,0.132000000000005,0.08333333333333333,0.07971014492753623,0.0,14.96598639455782,1.1199037438104504,14.96598639455782,21
1.1867963109157404,0.027866814231582607,1.1356827838204215,-0.9612701820027627,0.21613566168291187,-1.0166580121001743,0.030716271726088297,0.0025648201199009756,0.01590662189521505,1.837933779380497,1.1846975968867317,1.4876317053211658,2.4622894303935174,9.305705363257312,1.5948310756960669,0.9821064676424806,0.00032033634795925196,0.9880048773472171,0.9668442466178697,0.0027907533622570737,0.9830363101716677,0.517797318284617,0.4964347312623518,0.2877041448990506,0.4705907999999998,0.7048659656909997,0.0,-14.82281261219318,81.77697275647103,-14.85180307692561,0.6458416666666664,28.030265744864895,0.1319999999999908,0.06896551724137931,0.0665024630541872,0.0,14.96598639455782,1.1199037438104504,14.96598639455782,21
1.315227755933314,0.041784949776446166,1.24641864435131,-0.7783940591631637,0.2970793198001596,-0.664211374963353,0.013580656807372003,0.00012670189074083299,0.010482180293501049,2.3384606644907007,3.0779412930265675,1.7752774406567515,2.6488416059754996,10.4694338480741,1.9522399266538222,0.9761508077436293,0.0005354376269471302,0.9848048523017076,0.9532630381344362,0.007781444185228205,0.9784754010701227,0.5411409208615556,0.3705129126761942,0.31017369727047245,0.5228733333333336,0.20504739203333358,0.7843100000000005,-12.734667175996902,38.635055981028835,-12.14561287769791,1.1514525316455695,83.27339341043793,0.1390000000000029,0.004799050017402685,0.00034546321604299064,0.0,1.6666666666666572,0.0,1.6666666666666572,21
1.3151859548701594,0.030139378344045693,1.2789896342582896,-0.8158594185420975,0.20465373198085676,-0.822801474460241,0.016348366619679797,0.00027013319718473597,0.011108968246315166,2.3117508826280564,2.4524174267378998,2.0035496537121418,2.679049997912213,8.54878414138714,1.9968159127917255,0.978724809314777,0.0004552150334117588,0.986563728330614,0.9567489110611206,0.006412592733551337,0.9784754010701227,0.5254299725742446,0.3111038901262004,0.30253597868536897,0.3137240000000002,0.18454265283000024,0.0,-13.554031822031174,54.182028329033706,-12.537772877697188,1.1708947368421054,79.62393184500817,0.13900000000001,0.07078929229900802,0.04252027366844323,0.0,2.5833333333333304,0.7152777777777866,2.75,21
1.0820113652478922,0.2528720271837153,1.3251783893985618,-0.8716534718742568,0.12350903064482131,-0.8972935738560686,0.019111743830864187,0.0005158212839923973,0.01099554317964644,2.2693466458028793,1.072439458332656,1.9023229290469716,1.954229137044584,2.157592734371575,1.7476596922670729,0.9825934949675312,0.0003600024203675711,0.9925187536452396,0.9833285924210965,0.00017579863498075348,0.9871940478518764,0.8266253432001409,1.21500515083218,0.32696373283718416,0.5490199999999998,1.0457503267999995,0.0,-12.615757691613098,85.07671586604742,-9.267173988877957,1.1479577922077924,57.98955832068823,0.18000000000000682,0.0,0.0,0.0,0.0,0.0,0.0,21
1.0774265287976938,0.18219661249834995,1.1458899818406816,-1.0191740170557613,0.27212112991980636,-0.9619591372446101,0.032249620212423606,0.004412788265391257,0.015384615384615384,2.1856852403956686,1.0064596399704377,1.9117346162362203,2.059089901323914,2.5593880515721072,1.5741233653447257,0.9848598227570485,0.0002517187181238216,0.9916847555963538,0.9840482547669197,0.0001370072814050452,0.9868215719834875,0.7967252644917864,1.1751245894003712,0.2969121140142472,0.4481799999999998,0.7396413979999996,0.0,-13.689805810817186,75.20504717054793,-11.702880000004491,1.1084465811965811,47.87191635902468,0.18099999999992633,0.0,0.0,0.0,0.0,0.0,0.0,21
0.9350746203120566,0.29255266935428076,1.1346898489965325,-0.8565650444166361,0.20218453517247723,-1.0982459443346209,0.02298295272961826,0.0008153217851660125,0.009122669537277587,2.552245796372703,6.014316873311408,1.998812743007695,3.109906144928817,10.594432477434404,2.0752011904931993,0.9656662191325681,0.004454418168137699,0.9865678976142025,0.9444920886596198,0.0036511153605393483,0.9621890760881765,0.14071875495395114,0.03644201114211881,0.0751782660096655,0.703122824497266,1.9775268253160527,0.0,-11.804604260376802,44.14975517471127,-11.801922857144312,1.1418333333333326,86.17499154006967,0.18999999999999773,0.0,0.0,0.0,0.0,0.0,0.0,21
1.132621847575299,0.31888444646402664,1.2939154917914093,-1.0304267357726946,0.1508188327646831,-1.1454228901310382,0.025647291342163342,0.0010702728898706222,0.008344348975545274,2.5980026319607687,5.395682676989678,2.105068438134798,3.196456156811872,7.656136408292345,2.3123593762014596,0.9684273091959178,0.003090793849348005,0.9867730692601216,0.9551655612795256,0.00279680732611204,0.9706337469385836,0.21967718601289177,0.09208862240034224,0.12619888944977273,0.703122824497266,1.9775268253160527,0.0,-12.322506023863701,57.348897939998174,-12.021616134454218,1.2548505154639176,80.37163033418578,0.18999999999999773,0.02620288910611485,0.01853796773269851,0.0,2.619047619047618,0.0,2.619047619047618,21
1.0231552484555622,0.21762664106693247,1.059683601613749,-1.0745563751986305,0.09246072990737106,-1.1275112751128304,0.026532726176213686,0.0011330693118171144,0.011529442417926004,1.8977843353510906,4.160475438181637,1.3608517531664532,2.1824931739149,5.541636875508182,1.3219647337561287,0.9703975409997113,0.0021271055000593357,0.9861921065926125,0.965613929234048,0.001734660564223204,0.9750322480384287,0.2593003982780874,0.11741160883345404,0.1386293119270031,0.4017844711412949,1.13001532875203,0.0,-12.17005606012251,51.85464167954576,-11.811660103273512,1.1513345070422534,62.0899377080135,0.1880000000000024,0.016844714425359546,0.011917264971020473,0.0,2.619047619047618,0.0,2.619047619047618,21
1.0231552484555622,0.21762664106693247,1.059683601613749,-1.0745563751986305,0.09246072990737106,-1.1275112751128304,0.026532726176213686,0.0011330693118171144,0.011529442417926004,1.8977843353510906,4.160475438181637,1.3608517531664532,2.1824931739149,5.541636875508182,1.3219647337561287,0.9703975409997113,0.0021271055000593357,0.9861921065926125,0.965613929234048,0.001734660564223204,0.9750322480384287,0.2593003982780874,0.11741160883345404,0.1386293119270031,0.4017844711412949,1.13001532875203,0.0,-12.17005606012251,51.85464167954576,-11.811660103273512,1.1513345070422534,62.0899377080135,0.1880000000000024,0.016844714425359546,0.011917264971020473,0.0,2.619047619047618,0.0,2.619047619047618,21
7.03176441958722,299.6386014831739,1.211766211675118,-7.3295750358935905,264.8211159074176,-1.0951812027080874,0.0815513858845127,0.021442411660259997,0.03201082726447973,1.7230607367580684,2.6933201895708097,1.3531761491373575,1.7717172115297604,4.566959054882963,1.3770455781400686,0.9675794785796188,0.0010621868121527163,0.9788420787730793,0.9621694188528447,0.0018779300130512466,0.9855739721212868,0.095662996420525,0.015672993442533357,0.043414083528696724,0.09803875000000006,0.0768927720125001,0.0,-11.852495885479897,42.617649204735784,-12.260153547512475,0.3055042253521125,3.2412685437056723,0.18000000000000682,0.0,0.0,0.0,0.0,0.0,0.0,21
5.45665777897188,217.02977499405662,1.2130033964095226,-4.91019824349162,170.2310344654158,-0.9148514088711688,0.07271809621195224,0.015716104031912533,0.03403592680838411,1.9480901247295088,2.6345467070794117,1.627409511415561,2.3761405023271687,6.192551981159851,1.4549708699804849,0.9682201407505076,0.0013825792872538714,0.9834997144670068,0.962556745007261,0.0027954902760715552,0.9840954896451941,0.17458117267722476,0.07173163729803778,0.05896888664047274,0.0653591666666667,0.051261848008333395,0.0,-12.485054922323506,53.221733998029606,-12.317065714283327,0.37359692307692316,4.491696899990527,0.18099999999992633,0.0,0.0,0.0,0.0,0.0,0.0,21
4.756224929918538,183.81289180293163,1.2130033964095226,-4.245509166116729,144.50462787835107,-0.8687019111442077,0.06123872304386071,0.013271204710227422,0.022264707261295143,2.1046369871893122,3.168681249867111,1.627409511415561,2.6576984188363695,4.882728558655099,1.8538781279317704,0.9673880460930298,0.0017260759550509909,0.9822655162596069,0.9623677932226611,0.002592636245144191,0.9824978929760269,0.1860431989056219,0.07941755960633727,0.053367488525989805,0.0603315384615385,0.04731862893076929,0.0,-12.537105450824448,52.78808356969494,-12.45787609006236,0.36470019342359783,4.236869966176153,0.18099999999998317,0.0,0.0,0.0,0.0,0.0,0.0,21
4.756224929918538,183.81289180293163,1.2130033964095226,-4.245509166116729,144.50462787835107,-0.8687019111442077,0.06123872304386071,0.013271204710227422,0.022264707261295143,2.1046369871893122,3.168681249867111,1.627409511415561,2.6576984188363695,4.882728558655099,1.8538781279317704,0.9673880460930298,0.0017260759550509909,0.9822655162596069,0.9623677932226611,0.002592636245144191,0.9824978929760269,0.1860431989056219,0.07941755960633727,0.053367488525989805,0.0603315384615385,0.04731862893076929,0.0,-12.537105450824448,52.78808356969494,-12.45787609006236,0.36470019342359783,4.236869966176153,0.18099999999998317,0.0,0.0,0.0,0.0,0.0,0.0,21
